date,-1,0,1,2,3,4,5
2021-01-01,72,298,51,100,347,134,174
2021-01-02,72,298,49,97,353,132,169
2021-01-03,72,297,52,98,348,137,169
2021-01-04,74,298,53,98,350,136,171
2021-01-05,78,290,50,93,361,144,177
2021-01-06,78,289,48,93,367,152,173
2021-01-07,79,289,50,95,353,151,176
2021-01-08,84,285,54,100,345,152,181
2021-01-09,85,288,53,101,348,151,181
2021-01-10,86,287,56,98,348,151,179
2021-01-11,80,288,64,95,353,151,183
2021-01-12,83,293,62,95,361,156,185
2021-01-13,85,298,58,95,362,151,184
2021-01-14,84,299,56,97,360,150,189
2021-01-15,85,298,55,102,362,150,188
2021-01-16,84,292,55,101,367,150,190
2021-01-17,83,296,55,100,371,150,189
2021-01-18,88,306,57,99,372,150,193
2021-01-19,85,305,58,103,373,150,192
2021-01-20,84,301,55,101,373,151,199
2021-01-21,84,300,56,98,371,155,201
2021-01-22,85,304,57,102,375,155,195
2021-01-23,86,303,58,105,368,152,193
2021-01-24,93,305,58,105,368,153,190
2021-01-25,105,306,55,112,373,161,186
2021-01-26,89,306,56,101,375,159,191
2021-01-27,90,304,54,74,368,160,189
2021-01-28,94,307,61,83,386,163,181
2021-01-29,99,304,54,86,372,162,180
2021-01-30,96,302,53,85,370,162,182
2021-01-31,97,302,53,85,370,159,178
2021-02-01,98,306,54,85,365,164,180
2021-02-02,93,313,57,88,375,166,186
2021-02-03,106,302,57,93,373,168,183
2021-02-04,112,300,54,96,373,169,183
2021-02-05,115,297,54,96,365,171,174
2021-02-06,114,296,54,95,370,153,175
2021-02-07,116,300,59,94,372,153,173
2021-02-08,112,299,58,98,367,146,176
2021-02-09,119,305,58,101,376,145,180
2021-02-10,117,309,57,102,385,146,183
2021-02-11,114,303,58,100,360,144,180
2021-02-12,113,307,58,102,363,140,183
2021-02-13,122,312,69,107,359,142,182
2021-02-14,115,308,64,108,354,144,189
2021-02-15,107,304,64,104,337,145,199
2021-02-16,114,310,58,106,344,141,193
2021-02-17,106,322,56,105,336,140,197
2021-02-18,111,311,49,105,347,141,204
2021-02-19,106,320,58,109,350,144,192
2021-02-20,108,312,58,107,347,146,190
2021-02-21,107,319,59,107,349,144,191
2021-02-22,107,314,59,110,351,143,187
2021-02-23,110,325,59,110,353,144,189
2021-02-24,107,316,57,109,338,146,188
2021-02-25,114,316,64,110,335,146,192
2021-02-26,112,304,67,110,344,149,194
2021-02-27,110,306,68,112,337,157,204
2021-02-28,114,295,70,113,336,153,200
2021-03-01,113,297,62,105,333,158,172
2021-03-02,110,304,47,106,330,153,168
2021-03-03,118,292,47,101,326,159,174
2021-03-04,120,299,47,116,338,160,178
2021-03-05,107,303,59,113,334,158,178
2021-03-06,107,298,56,118,325,153,175
2021-03-07,108,295,54,115,324,153,175
2021-03-08,110,299,59,119,329,159,176
2021-03-09,111,286,52,118,327,167,174
2021-03-10,115,288,50,120,321,143,172
2021-03-11,110,289,52,123,322,145,179
2021-03-12,113,289,48,123,331,144,174
2021-03-13,108,294,47,122,333,143,174
2021-03-14,109,293,48,120,335,142,172
2021-03-15,116,288,49,124,334,145,176
2021-03-16,109,289,40,122,331,146,183
2021-03-17,114,290,38,119,324,145,178
2021-03-18,115,287,38,121,332,146,192
2021-03-19,111,287,38,112,335,145,191
2021-03-20,111,284,38,110,336,147,190
2021-03-21,115,282,38,107,330,145,189
2021-03-22,107,282,41,109,317,145,192
2021-03-23,105,281,41,111,323,143,194
2021-03-24,107,282,39,110,326,137,197
2021-03-25,110,281,40,118,316,141,199
2021-03-26,108,282,40,116,311,142,198
2021-03-27,108,282,40,111,312,136,198
2021-03-28,112,292,40,110,317,136,202
2021-03-29,107,295,41,113,314,137,203
2021-03-30,112,292,40,118,318,144,201
2021-03-31,116,298,43,115,326,141,189
2021-04-01,116,301,43,124,353,146,190
2021-04-02,113,303,45,126,354,150,189
2021-04-03,108,297,42,125,342,151,181
2021-04-04,110,293,41,126,336,153,179
2021-04-05,108,291,41,129,337,152,185
2021-04-06,115,292,42,132,332,156,194
2021-04-07,118,297,42,132,331,154,201
2021-04-08,116,293,42,142,331,156,199
2021-04-09,108,298,37,149,325,159,193
2021-04-10,99,307,40,121,321,164,195
2021-04-11,99,302,40,118,319,171,194
2021-04-12,99,299,39,109,319,168,195
2021-04-13,95,300,39,112,319,166,193
2021-04-14,95,304,40,109,319,166,196
2021-04-15,95,305,39,110,324,148,196
2021-04-16,99,310,39,117,333,144,204
2021-04-17,99,305,39,118,341,149,200
2021-04-18,98,300,39,118,339,150,201
2021-04-19,99,305,41,116,349,152,208
2021-04-20,98,318,41,118,352,152,200
2021-04-21,100,304,43,120,348,157,200
2021-04-22,103,293,41,129,360,159,204
2021-04-23,103,295,46,131,369,141,202
2021-04-24,102,286,40,120,370,143,202
2021-04-25,102,287,31,120,372,141,190
2021-04-26,104,291,32,122,367,140,186
2021-04-27,105,302,37,130,371,142,182
2021-04-28,109,300,34,122,369,156,190
2021-04-29,107,294,32,121,364,159,197
2021-04-30,109,298,32,123,335,158,192
2021-05-01,112,301,33,121,329,160,194
2021-05-02,116,298,33,118,317,159,191
2021-05-03,121,298,34,126,334,167,192
2021-05-04,120,300,38,122,326,171,189
2021-05-05,121,304,36,121,297,171,192
2021-05-06,132,302,36,128,310,171,194
2021-05-07,127,309,36,122,291,174,187
2021-05-08,126,306,35,124,279,164,192
2021-05-09,125,308,36,121,268,159,192
2021-05-10,125,308,41,136,274,167,200
2021-05-11,124,311,42,142,285,178,187
2021-05-12,125,307,46,143,290,169,189
2021-05-13,129,301,56,148,289,159,192
2021-05-14,127,302,51,132,288,160,188
2021-05-15,128,297,47,130,279,148,189
2021-05-16,127,289,46,126,282,150,192
2021-05-17,121,289,45,135,275,156,200
2021-05-18,125,291,46,140,280,151,193
2021-05-19,121,288,44,142,274,149,193
2021-05-20,123,298,45,150,279,153,198
2021-05-21,121,293,44,146,286,158,186
2021-05-22,128,292,43,142,278,157,175
2021-05-23,122,292,42,141,278,152,174
2021-05-24,123,288,41,141,283,157,176
2021-05-25,125,291,43,146,286,159,177
2021-05-26,128,286,33,142,292,156,178
2021-05-27,111,292,41,147,276,154,179
2021-05-28,111,301,40,145,281,160,179
2021-05-29,110,301,41,128,280,150,182
2021-05-30,108,290,40,125,276,148,181
2021-05-31,109,286,39,128,273,146,179
2021-06-01,91,290,40,127,259,146,180
2021-06-02,91,274,41,125,266,134,183
2021-06-03,93,292,44,127,244,136,179
2021-06-04,95,288,42,138,244,144,179
2021-06-05,93,276,42,142,242,141,179
2021-06-06,93,273,43,141,242,141,178
2021-06-07,94,283,47,150,243,145,183
2021-06-08,95,276,45,155,244,142,182
2021-06-09,95,278,44,147,241,143,186
2021-06-10,96,280,43,151,250,151,185
2021-06-11,96,280,43,146,244,146,176
2021-06-12,96,287,49,153,249,147,175
2021-06-13,96,282,47,149,248,131,175
2021-06-14,97,270,45,139,245,135,178
2021-06-15,101,274,50,144,251,141,173
2021-06-16,100,279,48,149,244,141,173
2021-06-17,104,277,48,146,241,146,177
2021-06-18,102,287,48,145,245,153,181
2021-06-19,103,283,46,147,242,156,183
2021-06-20,104,283,47,144,245,153,186
2021-06-21,102,287,44,147,247,141,186
2021-06-22,100,302,45,150,246,139,186
2021-06-23,100,305,46,145,228,140,188
2021-06-24,101,312,44,148,213,145,187
2021-06-25,105,314,48,142,210,142,174
2021-06-26,103,321,48,146,209,141,173
2021-06-27,91,315,48,147,209,137,173
2021-06-28,91,314,49,149,208,141,175
2021-06-29,90,307,43,152,210,139,177
2021-06-30,92,308,41,140,218,140,175
2021-07-01,93,301,41,134,221,147,174
2021-07-02,96,303,41,139,204,148,171
2021-07-03,95,305,41,140,204,147,170
2021-07-04,96,300,46,137,204,145,170
2021-07-05,93,304,47,138,201,159,172
2021-07-06,92,302,52,149,203,161,177
2021-07-07,93,304,51,149,192,157,178
2021-07-08,93,295,49,149,191,172,179
2021-07-09,92,298,37,161,193,166,179
2021-07-10,96,301,42,154,192,171,179
2021-07-11,93,299,48,161,191,165,179
2021-07-12,105,301,43,162,192,166,187
2021-07-13,111,304,49,183,194,160,189
2021-07-14,110,305,48,171,196,160,188
2021-07-15,115,311,45,168,204,157,195
2021-07-16,115,313,46,175,193,158,202
2021-07-17,98,314,44,169,192,166,203
2021-07-18,98,313,43,167,192,158,201
2021-07-19,100,316,44,169,193,165,213
2021-07-20,101,317,44,182,191,164,213
2021-07-21,80,323,47,171,193,165,215
2021-07-22,81,327,45,180,195,146,217
2021-07-23,79,327,45,177,191,140,214
2021-07-24,78,324,43,167,189,137,219
2021-07-25,78,319,43,165,189,138,215
2021-07-26,78,328,46,167,195,138,216
2021-07-27,78,331,50,172,197,130,215
2021-07-28,77,327,48,166,198,132,224
2021-07-29,77,336,48,182,200,139,220
2021-07-30,77,335,47,184,194,134,217
2021-07-31,80,339,48,181,194,116,215
2021-08-01,78,336,45,181,195,116,217
2021-08-02,78,343,49,186,199,117,220
2021-08-03,79,347,46,184,200,119,221
2021-08-04,78,343,46,185,204,123,223
2021-08-05,78,351,48,169,203,125,217
2021-08-06,78,367,50,173,195,126,212
2021-08-07,79,366,50,178,190,126,213
2021-08-08,78,360,49,160,177,126,211
2021-08-09,77,365,51,159,179,127,212
2021-08-10,78,353,49,155,175,131,214
2021-08-11,81,358,49,147,179,125,200
2021-08-12,79,350,46,150,178,120,216
2021-08-13,78,344,49,159,184,118,218
2021-08-14,78,358,48,152,179,117,217
2021-08-15,78,356,47,154,179,117,220
2021-08-16,78,359,36,166,179,120,218
2021-08-17,81,378,39,170,183,120,220
2021-08-18,77,377,36,145,183,118,218
2021-08-19,77,377,36,152,181,119,224
2021-08-20,79,387,40,147,181,117,232
2021-08-21,78,392,39,139,184,114,211
2021-08-22,78,375,40,138,188,114,211
2021-08-23,79,354,42,144,189,114,221
2021-08-24,80,351,42,142,188,124,217
2021-08-25,80,355,43,145,188,123,221
2021-08-26,82,353,39,142,190,122,231
2021-08-27,81,352,37,146,191,124,233
2021-08-28,80,349,38,145,193,122,229
2021-08-29,80,354,37,143,191,121,232
2021-08-30,80,352,38,146,191,122,229
2021-08-31,80,347,36,151,192,121,225
2021-09-01,83,327,40,155,204,111,234
2021-09-02,84,331,44,152,201,109,222
2021-09-03,81,333,45,157,200,110,225
2021-09-04,81,332,44,143,198,108,201
2021-09-05,83,329,44,143,198,108,198
2021-09-06,81,343,47,151,198,109,200
2021-09-07,82,326,45,151,198,99,196
2021-09-08,83,328,45,148,197,98,194
2021-09-09,86,331,43,150,199,99,196
2021-09-10,82,328,43,163,195,103,193
2021-09-11,83,333,43,159,194,100,194
2021-09-12,84,313,44,138,191,90,196
2021-09-13,86,318,43,135,199,101,196
2021-09-14,87,317,41,132,200,100,203
2021-09-15,89,312,44,132,202,88,188
2021-09-16,83,308,47,141,199,87,185
2021-09-17,82,307,40,135,198,87,185
2021-09-18,83,301,31,136,198,89,182
2021-09-19,86,300,34,138,199,81,183
2021-09-20,82,292,34,141,197,79,169
2021-09-21,82,290,34,140,198,81,166
2021-09-22,84,288,37,136,195,80,173
2021-09-23,82,294,32,137,195,89,169
2021-09-24,83,294,34,134,194,89,168
2021-09-25,84,297,33,127,196,93,163
2021-09-26,84,261,26,110,195,90,169
2021-09-27,73,242,31,117,185,91,167
2021-09-28,73,243,30,106,185,88,182
2021-09-29,74,244,32,112,180,88,196
2021-09-30,73,247,29,112,175,94,203
2021-10-01,74,233,29,110,162,93,202
2021-10-02,75,231,29,111,163,93,204
2021-10-03,75,231,33,109,163,93,203
2021-10-04,79,229,32,110,163,94,207
2021-10-05,79,231,31,108,169,94,207
2021-10-06,80,241,31,123,168,96,221
2021-10-07,80,235,31,125,182,96,218
2021-10-08,77,234,30,128,185,82,223
2021-10-09,81,233,34,127,189,84,215
2021-10-10,83,216,32,126,188,84,211
2021-10-11,83,217,35,134,188,86,210
2021-10-12,83,218,42,129,193,85,207
2021-10-13,83,218,43,127,185,73,220
2021-10-14,84,229,43,126,184,70,213
2021-10-15,83,244,48,135,183,70,216
2021-10-16,82,241,49,136,183,70,218
2021-10-17,75,239,48,131,184,75,212
2021-10-18,76,244,43,148,191,76,220
2021-10-19,86,240,47,139,214,72,215
2021-10-20,93,234,52,120,223,72,219
2021-10-21,89,222,52,117,220,67,219
2021-10-22,91,222,53,115,227,67,220
2021-10-23,91,218,52,114,226,68,203
2021-10-24,92,216,53,114,226,67,203
2021-10-25,93,216,51,118,225,72,211
2021-10-26,91,218,51,116,228,72,211
2021-10-27,85,211,52,111,240,76,198
2021-10-28,87,212,53,108,239,74,207
2021-10-29,86,219,54,111,234,70,209
2021-10-30,88,213,52,113,238,70,187
2021-10-31,87,224,53,112,234,70,183
2021-11-01,87,214,53,112,236,72,185
2021-11-02,90,214,53,119,233,71,181
2021-11-03,86,210,55,135,238,76,180
2021-11-04,88,211,54,128,233,74,186
2021-11-05,92,210,56,132,231,75,185
2021-11-06,96,214,55,131,216,75,188
2021-11-07,94,212,55,134,215,74,188
2021-11-08,97,207,54,127,217,76,184
2021-11-09,94,208,52,128,214,76,184
2021-11-10,96,207,54,137,219,76,185
2021-11-11,85,201,55,138,218,74,184
2021-11-12,91,204,55,131,216,64,182
2021-11-13,86,206,57,127,221,62,181
2021-11-14,87,198,57,113,217,62,182
2021-11-15,88,198,57,114,219,63,186
2021-11-16,95,201,55,114,220,63,186
2021-11-17,92,197,57,108,226,65,185
2021-11-18,93,195,58,89,224,65,192
2021-11-19,96,194,61,94,236,66,186
2021-11-20,98,194,61,95,230,61,191
2021-11-21,92,193,61,95,234,61,190
2021-11-22,90,195,63,96,232,66,187
2021-11-23,92,196,62,99,238,70,190
2021-11-24,89,204,62,95,242,66,190
2021-11-25,89,204,63,99,238,74,193
2021-11-26,92,210,62,104,238,76,187
2021-11-27,94,212,60,106,225,68,187
2021-11-28,94,196,60,104,221,53,185
2021-11-29,95,204,60,104,236,53,190
2021-11-30,94,201,63,103,231,53,197
2021-12-01,92,201,65,103,236,53,193
2021-12-02,92,210,63,103,230,52,197
2021-12-03,99,207,66,103,222,52,195
2021-12-04,102,206,67,100,226,52,178
2021-12-05,101,205,66,98,236,52,172
2021-12-06,105,203,68,97,236,53,174
2021-12-07,104,214,68,96,242,49,173
2021-12-08,101,218,65,90,242,49,174
2021-12-09,101,216,61,90,242,49,174
2021-12-10,108,216,62,89,243,49,176
2021-12-11,107,215,63,88,231,49,172
2021-12-12,107,214,58,90,230,49,177
2021-12-13,103,219,66,88,226,49,176
2021-12-14,84,227,57,89,234,48,178
2021-12-15,84,226,41,93,238,48,179
2021-12-16,87,229,41,97,242,48,183
2021-12-17,84,228,46,101,237,49,185
2021-12-18,87,241,46,97,239,49,190
2021-12-19,87,237,45,97,238,49,185
2021-12-20,89,242,44,96,243,49,189
2021-12-21,91,242,46,103,252,50,195
2021-12-22,96,244,45,101,252,49,191
2021-12-23,96,245,44,100,252,49,197
2021-12-24,101,242,42,100,265,49,197
2021-12-25,99,238,42,100,255,55,190
2021-12-26,98,238,42,99,266,58,189
2021-12-27,102,237,42,109,257,58,189
2021-12-28,101,241,43,108,252,47,192
2021-12-29,104,248,42,96,254,49,188
2021-12-30,112,240,43,98,256,47,190
2021-12-31,117,241,44,101,262,47,185
2022-01-01,120,241,42,110,262,47,170
2022-01-02,123,232,43,110,262,47,170
2022-01-03,128,232,42,111,274,48,171
2022-01-04,129,233,44,112,280,50,169
2022-01-05,128,233,49,109,286,50,176
2022-01-06,132,240,47,107,293,50,175
2022-01-07,130,232,50,103,283,50,175
2022-01-08,130,231,48,101,262,50,173
2022-01-09,130,230,45,99,261,50,173
2022-01-10,131,233,45,97,253,50,179
2022-01-11,135,237,46,105,259,49,185
2022-01-12,130,237,46,101,254,49,182
2022-01-13,130,241,45,104,258,50,180
2022-01-14,131,227,47,106,264,49,180
2022-01-15,122,212,43,110,262,49,178
2022-01-16,120,210,43,108,260,49,176
2022-01-17,121,224,43,114,256,49,178
2022-01-18,124,228,47,122,258,49,183
2022-01-19,128,223,50,121,250,49,172
2022-01-20,126,223,52,119,257,50,176
2022-01-21,121,222,50,123,263,50,180
2022-01-22,119,226,51,124,256,49,177
2022-01-23,123,232,51,120,257,49,175
2022-01-24,115,225,50,103,252,53,179
2022-01-25,113,235,55,113,257,56,184
2022-01-26,118,228,52,111,256,54,177
2022-01-27,113,230,54,108,244,63,180
2022-01-28,112,219,51,110,247,64,180
2022-01-29,105,180,46,95,205,58,166
2022-01-30,119,214,55,109,257,56,189
2022-01-31,115,217,55,110,256,56,185
2022-02-01,115,210,54,114,239,56,182
2022-02-02,129,204,52,114,247,58,184
2022-02-03,119,213,54,108,243,52,207
2022-02-04,131,210,58,108,252,52,212
2022-02-05,130,209,57,97,250,53,210
2022-02-06,132,208,56,96,252,54,209
2022-02-07,131,213,45,96,247,59,218
2022-02-08,132,201,45,98,251,57,217
2022-02-09,136,202,49,98,241,57,214
2022-02-10,133,175,46,92,244,58,205
2022-02-11,140,181,47,93,257,57,211
2022-02-12,137,181,48,94,236,57,203
2022-02-13,136,163,47,92,229,64,202
2022-02-14,134,168,47,97,223,61,204
2022-02-15,137,182,48,95,205,60,210
2022-02-16,135,181,44,107,203,60,205
2022-02-17,136,195,44,116,211,59,228
2022-02-18,141,206,45,113,218,58,216
2022-02-19,138,202,46,114,219,60,223
2022-02-20,140,205,46,112,215,60,221
2022-02-21,136,204,47,112,218,58,225
2022-02-22,123,205,50,112,215,58,229
2022-02-23,120,204,48,111,219,58,237
2022-02-24,122,205,53,108,222,60,236
2022-02-25,123,212,54,98,224,61,229
2022-02-26,119,211,55,101,222,60,244
2022-02-27,119,207,54,100,224,60,243
2022-02-28,121,212,50,101,223,60,244
2022-03-01,120,205,49,100,220,60,238
2022-03-02,119,200,51,97,219,65,233
2022-03-03,120,191,53,98,220,66,236
2022-03-04,120,190,54,98,224,69,232
2022-03-05,122,191,52,90,227,70,235
2022-03-06,119,190,53,91,234,69,227
2022-03-07,109,193,54,92,229,55,226
2022-03-08,104,197,55,91,241,41,242
2022-03-09,109,194,56,72,243,41,238
2022-03-10,110,189,57,74,238,46,241
2022-03-11,110,187,52,69,236,46,239
2022-03-12,107,188,52,69,233,46,225
2022-03-13,109,185,52,69,234,46,226
2022-03-14,109,188,53,70,228,45,230
2022-03-15,114,185,53,70,233,46,233
2022-03-16,110,183,53,70,230,45,223
2022-03-17,110,186,54,70,230,46,225
2022-03-18,108,190,52,70,233,45,231
2022-03-19,108,192,52,70,229,46,232
2022-03-20,105,191,52,70,228,45,237
2022-03-21,91,209,52,73,230,47,233
2022-03-22,92,206,52,72,229,45,236
2022-03-23,94,207,53,82,233,46,234
2022-03-24,99,207,54,85,234,51,233
2022-03-25,96,209,55,100,233,56,237
2022-03-26,98,209,56,101,233,60,243
2022-03-27,94,210,53,96,234,55,244
2022-03-28,109,210,44,94,237,51,242
2022-03-29,94,225,44,97,234,57,249
2022-03-30,105,230,45,97,231,48,245
2022-03-31,103,223,50,97,235,51,233
2022-04-01,104,228,48,95,237,50,227
2022-04-02,102,217,47,94,236,48,227
2022-04-03,100,212,46,94,237,49,232
2022-04-04,103,215,47,94,241,47,236
2022-04-05,105,214,51,95,244,49,238
2022-04-06,102,210,48,97,246,49,224
2022-04-07,103,213,55,107,235,52,227
2022-04-08,98,211,51,103,240,52,235
2022-04-09,98,213,50,95,245,50,237
2022-04-10,98,212,52,97,246,56,233
2022-04-11,99,211,50,99,249,53,239
2022-04-12,97,217,52,99,250,52,257
2022-04-13,83,223,50,95,250,50,269
2022-04-14,84,225,47,95,258,51,273
2022-04-15,85,222,49,93,253,51,274
2022-04-16,83,222,47,96,272,56,275
2022-04-17,83,217,47,97,276,55,281
2022-04-18,82,219,51,96,267,56,294
2022-04-19,80,218,59,110,268,52,304
2022-04-20,78,220,57,119,266,60,295
2022-04-21,79,214,58,131,273,60,296
2022-04-22,79,215,55,132,276,58,287
2022-04-23,81,214,56,129,252,57,287
2022-04-24,78,212,54,129,256,56,289
2022-04-25,78,211,57,129,241,57,291
2022-04-26,77,212,57,129,263,62,295
2022-04-27,77,208,45,118,270,64,293
2022-04-28,77,207,34,118,276,68,290
2022-04-29,78,214,35,115,273,57,268
2022-04-30,78,219,35,115,274,59,256
2022-05-01,78,217,32,114,274,59,259
2022-05-02,79,222,32,114,273,61,260
2022-05-03,79,225,34,117,283,61,267
2022-05-04,81,226,32,120,284,58,258
2022-05-05,82,223,35,120,287,54,267
2022-05-06,81,224,33,120,286,56,267
2022-05-07,81,223,36,115,285,55,269
2022-05-08,80,223,33,117,277,57,265
2022-05-09,81,224,35,119,281,53,266
2022-05-10,81,227,34,119,285,56,274
2022-05-11,83,223,34,109,273,55,265
2022-05-12,87,225,32,109,272,58,264
2022-05-13,84,225,33,108,268,54,267
2022-05-14,84,224,32,109,265,53,268
2022-05-15,84,223,33,110,264,55,266
2022-05-16,79,221,38,94,262,55,252
2022-05-17,86,230,42,95,269,56,248
2022-05-18,86,234,40,97,269,54,239
2022-05-19,86,230,41,100,267,54,241
2022-05-20,85,230,40,102,258,56,247
2022-05-21,86,231,41,100,261,56,248
2022-05-22,89,230,39,98,262,60,251
2022-05-23,88,233,41,99,267,58,246
2022-05-24,86,238,40,100,268,64,242
2022-05-25,83,235,43,97,275,61,243
2022-05-26,82,238,40,101,275,57,241
2022-05-27,86,243,41,96,262,41,236
2022-05-28,86,239,40,98,263,44,226
2022-05-29,86,238,42,98,263,44,211
2022-05-30,86,239,40,99,256,43,212
2022-05-31,85,243,43,96,257,46,215
2022-06-01,85,239,41,96,255,46,211
2022-06-02,87,243,50,94,255,46,219
2022-06-03,91,245,48,99,253,45,224
2022-06-04,89,249,50,98,264,46,225
2022-06-05,88,247,50,99,243,45,220
2022-06-06,88,246,51,97,240,43,218
2022-06-07,88,250,49,99,239,46,221
2022-06-08,93,248,50,98,240,43,220
2022-06-09,97,252,42,98,218,44,224
2022-06-10,95,247,46,96,222,44,225
2022-06-11,91,247,45,96,215,44,220
2022-06-12,91,248,46,95,215,44,214
2022-06-13,91,252,48,95,215,50,226
2022-06-14,92,258,52,96,227,56,207
2022-06-15,91,258,58,104,214,57,210
2022-06-16,92,263,61,103,231,54,219
2022-06-17,87,266,62,107,227,56,219
2022-06-18,87,259,62,103,222,57,209
2022-06-19,86,256,58,103,223,57,197
2022-06-20,90,261,62,104,219,56,196
2022-06-21,96,258,50,106,221,61,203
2022-06-22,95,264,43,106,221,60,202
2022-06-23,93,260,43,103,231,60,203
2022-06-24,97,265,43,97,224,54,202
2022-06-25,95,261,54,100,221,55,212
2022-06-26,95,262,48,96,222,55,213
2022-06-27,95,261,48,97,227,56,217
2022-06-28,94,260,49,96,233,57,207
2022-06-29,92,258,52,100,232,56,205
2022-06-30,93,256,52,102,231,56,210
2022-07-01,92,254,49,115,233,57,216
2022-07-02,93,267,50,113,235,56,225
2022-07-03,96,269,53,111,236,55,226
2022-07-04,96,277,55,113,235,55,227
2022-07-05,101,276,55,123,241,61,234
2022-07-06,103,278,55,121,231,61,230
2022-07-07,110,287,57,127,241,61,227
2022-07-08,106,295,57,99,241,64,220
2022-07-09,108,277,54,103,246,65,219
2022-07-10,105,274,53,102,242,64,217
2022-07-11,106,268,56,110,248,59,221
2022-07-12,109,269,63,110,249,60,228
2022-07-13,106,265,42,110,246,62,239
2022-07-14,103,259,44,119,253,61,242
2022-07-15,101,265,43,113,259,63,248
2022-07-16,102,267,43,113,257,65,254
2022-07-17,101,264,43,109,254,65,252
2022-07-18,100,264,43,109,257,63,258
2022-07-19,99,267,43,111,262,65,254
2022-07-20,103,265,42,104,281,63,252
2022-07-21,109,258,42,104,277,63,254
2022-07-22,107,269,44,99,265,65,252
2022-07-23,105,270,44,98,266,66,254
2022-07-24,105,270,44,98,269,66,252
2022-07-25,105,274,46,87,268,66,259
2022-07-26,108,287,45,89,261,69,266
2022-07-27,107,280,46,90,264,64,263
2022-07-28,111,279,48,89,259,65,272
2022-07-29,113,291,48,88,267,61,268
2022-07-30,111,298,48,91,265,61,267
2022-07-31,110,295,42,81,264,60,266
2022-08-01,108,293,42,87,266,58,265
2022-08-02,108,292,42,85,275,61,272
2022-08-03,110,289,38,84,268,65,261
2022-08-04,113,284,39,83,268,64,261
2022-08-05,110,291,37,82,266,62,263
2022-08-06,112,284,38,83,260,62,261
2022-08-07,110,282,36,80,261,62,264
2022-08-08,108,289,36,84,266,62,263
2022-08-09,110,284,36,83,269,62,266
2022-08-10,109,290,42,82,246,63,267
2022-08-11,112,276,41,84,242,63,278
2022-08-12,116,286,42,86,241,63,270
2022-08-13,116,269,40,86,233,64,268
2022-08-14,114,271,41,86,236,62,268
2022-08-15,112,267,40,85,229,62,264
2022-08-16,111,272,41,85,231,62,269
2022-08-17,114,278,38,86,236,61,276
2022-08-18,115,276,39,86,224,63,271
2022-08-19,114,269,40,91,218,63,275
2022-08-20,114,271,39,88,217,64,276
2022-08-21,116,271,40,90,212,64,277
2022-08-22,121,268,39,93,228,62,277
2022-08-23,120,268,40,96,226,64,278
2022-08-24,122,265,36,100,230,63,281
2022-08-25,121,265,35,97,226,62,279
2022-08-26,116,261,35,96,224,59,279
2022-08-27,114,265,35,102,224,46,278
2022-08-28,113,263,35,96,219,46,280
2022-08-29,120,265,35,98,223,46,278
2022-08-30,123,267,35,96,225,47,267
2022-08-31,127,251,36,72,218,46,259
2022-09-01,128,255,36,82,216,48,247
2022-09-02,116,258,38,85,212,48,272
2022-09-03,102,260,38,84,208,48,283
2022-09-04,98,257,38,81,209,48,258
2022-09-05,98,260,38,85,212,46,262
2022-09-06,100,267,43,78,210,46,261
2022-09-07,99,272,46,65,207,46,256
2022-09-08,98,273,48,75,218,52,245
2022-09-09,93,260,48,69,213,52,243
2022-09-10,95,263,47,72,210,52,244
2022-09-11,95,261,46,70,209,52,245
2022-09-12,95,262,34,67,211,52,245
2022-09-13,95,267,35,72,216,52,250
2022-09-14,100,265,32,74,209,52,256
2022-09-15,99,256,34,95,206,52,256
2022-09-16,93,253,35,92,215,49,257
2022-09-17,77,255,33,93,217,49,255
2022-09-18,78,253,34,92,214,49,255
2022-09-19,78,259,35,97,222,49,255
2022-09-20,79,266,37,99,221,49,253
2022-09-21,79,262,34,99,225,48,260
2022-09-22,79,281,35,104,229,48,257
2022-09-23,79,270,33,99,235,48,255
2022-09-24,79,268,34,101,231,50,257
2022-09-25,79,269,34,97,231,50,259
2022-09-26,79,273,37,108,234,49,257
2022-09-27,80,275,35,108,228,50,258
2022-09-28,80,280,34,103,221,50,262
2022-09-29,75,286,42,108,217,54,256
2022-09-30,77,287,41,106,210,53,267
2022-10-01,76,262,39,113,211,53,267
2022-10-02,77,262,39,114,211,53,268
2022-10-03,76,263,40,136,214,53,269
2022-10-04,78,263,41,134,214,53,265
2022-10-05,80,273,42,147,213,55,260
2022-10-06,81,274,41,149,212,56,263
2022-10-07,77,250,40,130,210,55,261
2022-10-08,77,253,37,115,207,48,264
2022-10-09,76,246,37,116,195,48,264
2022-10-10,78,243,37,115,196,48,265
2022-10-11,82,245,38,123,200,50,267
2022-10-12,78,240,38,114,206,48,264
2022-10-13,75,237,49,113,196,49,266
2022-10-14,73,235,35,112,208,51,244
2022-10-15,72,234,45,111,210,51,227
2022-10-16,71,233,41,111,208,51,227
2022-10-17,70,234,39,109,207,50,230
2022-10-18,70,245,38,115,211,50,229
2022-10-19,68,241,41,119,211,50,232
2022-10-20,69,243,41,115,210,49,235
2022-10-21,67,247,33,118,198,48,228
2022-10-22,66,252,33,117,198,47,226
2022-10-23,67,252,31,117,198,47,223
2022-10-24,68,258,34,125,200,46,226
2022-10-25,71,257,32,122,198,46,224
2022-10-26,70,260,37,114,194,47,223
2022-10-27,70,265,43,95,194,52,216
2022-10-28,67,263,45,101,188,48,212
2022-10-29,66,272,44,98,188,56,219
2022-10-30,74,266,46,109,185,54,218
2022-10-31,74,273,46,110,189,57,218
2022-11-01,74,277,45,112,195,58,217
2022-11-02,75,269,45,110,202,59,215
2022-11-03,75,271,50,113,196,62,210
2022-11-04,77,276,44,106,201,56,212
2022-11-05,77,278,43,88,204,53,215
2022-11-06,77,276,44,88,189,56,215
2022-11-07,77,290,44,88,197,55,219
2022-11-08,73,286,40,88,203,54,205
2022-11-09,72,279,42,88,211,54,217
2022-11-10,72,285,41,84,223,59,218
2022-11-11,74,293,41,83,207,63,220
2022-11-12,77,296,41,81,195,79,229
2022-11-13,75,295,42,81,198,77,226
2022-11-14,81,295,43,69,187,78,224
2022-11-15,78,290,48,69,186,85,235
2022-11-16,76,289,52,67,182,76,235
2022-11-17,79,296,52,59,185,76,232
2022-11-18,83,284,51,61,182,77,231
2022-11-19,71,272,51,62,189,74,236
2022-11-20,69,267,47,62,156,73,228
2022-11-21,68,275,44,62,162,66,227
2022-11-22,74,265,49,63,170,65,220
2022-11-23,75,261,46,60,175,65,227
2022-11-24,67,262,47,62,174,64,217
2022-11-25,60,267,48,62,175,64,219
2022-11-26,60,268,47,61,169,64,220
2022-11-27,60,261,47,61,169,64,220
2022-11-28,60,271,48,63,166,65,221
2022-11-29,66,272,47,62,176,72,217
2022-11-30,63,264,43,65,179,71,211
2022-12-01,65,256,44,72,189,60,212
2022-12-02,69,261,44,73,193,60,208
2022-12-03,67,255,43,72,175,61,211
2022-12-04,67,251,43,73,176,62,214
2022-12-05,69,262,46,81,173,60,214
2022-12-06,69,263,44,71,175,70,214
2022-12-07,69,263,46,66,157,70,214
2022-12-08,71,258,48,66,155,72,211
2022-12-09,72,255,48,63,147,65,210
2022-12-10,78,253,48,63,148,62,210
2022-12-11,78,256,48,62,147,62,206
2022-12-12,81,255,48,64,165,63,212
2022-12-13,82,258,50,63,166,71,215
2022-12-14,82,255,50,64,169,71,214
2022-12-15,82,257,48,72,171,71,212
2022-12-16,80,258,48,73,175,74,216
2022-12-17,80,253,48,73,174,79,218
2022-12-18,79,229,48,73,172,79,217
2022-12-19,80,236,46,72,171,80,218
2022-12-20,79,242,46,72,169,76,217
2022-12-21,81,251,40,73,165,75,225
2022-12-22,80,249,40,73,166,77,218
2022-12-23,79,254,44,72,163,73,214
2022-12-24,74,250,44,73,161,71,215
2022-12-25,74,251,44,72,160,70,215
2022-12-26,75,255,44,74,158,72,221
2022-12-27,74,255,44,72,163,70,227
2022-12-28,70,247,44,73,158,74,236
2022-12-29,72,235,44,73,163,75,234
2022-12-30,77,222,45,74,166,76,214
2022-12-31,80,215,43,73,164,80,215
2023-01-01,78,212,43,74,163,75,215
2023-01-02,80,210,42,73,159,61,216
2023-01-03,84,215,45,77,142,63,216
2023-01-04,83,209,41,74,149,58,209
2023-01-05,83,194,41,75,148,57,208
2023-01-06,84,189,43,72,135,60,208
2023-01-07,82,188,44,73,147,43,219
2023-01-08,82,185,43,72,145,53,218
2023-01-09,83,187,43,73,145,53,213
2023-01-10,87,195,41,72,144,54,210
2023-01-11,86,198,47,73,146,53,216
2023-01-12,81,206,44,72,153,57,210
2023-01-13,83,204,46,74,155,66,209
2023-01-14,81,194,45,73,156,68,210
2023-01-15,80,195,45,74,153,67,207
2023-01-16,82,201,45,77,148,61,209
2023-01-17,85,205,45,90,154,69,203
2023-01-18,97,201,47,84,155,68,203
2023-01-19,101,199,46,83,156,75,201
2023-01-20,98,190,47,82,158,76,207
2023-01-21,96,189,47,82,160,76,210
2023-01-22,98,189,49,81,164,75,208
2023-01-23,97,189,49,82,164,72,208
2023-01-24,94,188,48,81,160,74,208
2023-01-25,96,202,48,82,161,74,210
2023-01-26,96,201,50,76,164,72,212
2023-01-27,100,208,58,77,163,58,209
2023-01-28,102,203,52,73,167,61,214
2023-01-29,100,201,50,73,167,62,211
2023-01-30,100,205,52,73,167,60,209
2023-01-31,103,209,52,75,171,62,212
2023-02-01,100,212,56,74,173,68,216
2023-02-02,101,208,57,75,178,71,215
2023-02-03,99,208,59,74,175,72,216
2023-02-04,100,205,60,76,177,79,216
2023-02-05,100,202,60,77,175,78,217
2023-02-06,98,206,59,78,177,77,216
2023-02-07,104,206,66,85,183,76,221
2023-02-08,106,205,68,86,189,78,224
2023-02-09,107,204,63,85,189,81,225
2023-02-10,98,207,65,92,190,85,230
2023-02-11,97,212,66,88,187,84,231
2023-02-12,96,210,64,88,192,84,229
2023-02-13,96,216,64,85,198,85,228
2023-02-14,98,214,67,88,201,86,228
2023-02-15,94,227,63,88,194,86,227
2023-02-16,92,227,69,93,203,92,232
2023-02-17,85,232,68,98,192,84,226
2023-02-18,84,222,66,93,195,83,228
2023-02-19,74,221,60,92,192,81,226
2023-02-20,75,220,59,94,202,84,223
2023-02-21,78,220,58,95,195,73,221
2023-02-22,70,224,63,96,208,63,219
2023-02-23,69,222,62,93,219,64,213
2023-02-24,73,222,65,94,222,63,213
2023-02-25,71,223,67,96,217,62,219
2023-02-26,71,221,69,97,221,62,212
2023-02-27,73,224,66,96,221,69,214
2023-02-28,73,214,72,98,226,80,223
2023-03-01,71,214,67,94,223,79,223
2023-03-02,73,214,72,97,230,74,219
2023-03-03,71,215,68,106,215,83,227
2023-03-04,71,221,61,104,216,78,211
2023-03-05,71,214,60,103,213,68,220
2023-03-06,74,217,60,105,208,67,218
2023-03-07,75,205,61,103,211,67,218
2023-03-08,74,205,61,106,216,68,217
2023-03-09,74,206,61,107,200,69,220
2023-03-10,74,208,60,101,195,72,226
2023-03-11,74,200,65,96,199,70,231
2023-03-12,74,196,62,97,197,71,231
2023-03-13,73,198,62,94,194,71,229
2023-03-14,75,200,62,97,205,72,238
2023-03-15,74,200,64,96,203,76,240
2023-03-16,74,203,62,97,212,75,231
2023-03-17,74,195,45,94,194,78,222
2023-03-18,74,197,46,95,194,79,227
2023-03-19,74,187,45,94,192,78,227
2023-03-20,81,192,45,95,191,81,223
2023-03-21,85,193,45,94,182,84,212
2023-03-22,85,194,42,96,187,82,218
2023-03-23,83,196,42,96,186,86,211
2023-03-24,82,192,43,96,185,85,214
2023-03-25,82,192,42,96,197,86,225
2023-03-26,83,188,42,97,189,86,229
2023-03-27,82,189,42,96,188,85,229
2023-03-28,85,188,42,96,176,82,228
2023-03-29,85,183,42,95,205,70,238
2023-03-30,87,183,42,97,201,72,221
2023-03-31,85,181,45,98,193,69,216
2023-04-01,84,184,50,98,195,70,223
2023-04-02,87,181,50,97,196,69,205
2023-04-03,84,180,46,99,192,69,204
2023-04-04,91,183,46,84,194,76,218
2023-04-05,84,183,46,85,192,72,228
2023-04-06,86,179,47,94,188,71,230
2023-04-07,86,181,47,100,180,71,234
2023-04-08,89,187,47,98,181,71,230
2023-04-09,87,183,48,103,186,71,232
2023-04-10,92,184,46,92,180,72,237
2023-04-11,92,188,48,93,187,72,240
2023-04-12,86,193,47,91,195,70,245
2023-04-13,80,185,51,91,199,78,241
2023-04-14,82,182,54,94,196,80,237
2023-04-15,78,184,52,92,202,89,238
2023-04-16,78,183,54,81,198,89,242
2023-04-17,76,183,51,83,198,91,237
2023-04-18,72,186,51,87,197,81,244
2023-04-19,70,186,51,89,195,82,243
2023-04-20,70,185,49,87,199,84,237
2023-04-21,77,186,52,89,209,86,239
2023-04-22,82,181,50,87,205,90,243
2023-04-23,82,178,50,88,203,90,240
2023-04-24,83,176,52,89,202,92,239
2023-04-25,86,182,51,89,206,98,249
2023-04-26,83,178,48,92,210,94,253
2023-04-27,83,180,48,100,211,94,250
2023-04-28,81,181,50,101,203,100,244
2023-04-29,81,186,50,102,201,102,247
2023-04-30,80,186,52,93,198,95,244
2023-05-01,80,186,55,96,194,96,218
2023-05-02,79,192,55,99,202,94,212
2023-05-03,84,192,55,95,209,99,211
2023-05-04,84,195,55,94,216,95,221
2023-05-05,83,193,54,98,212,88,224
2023-05-06,91,195,56,97,209,86,222
2023-05-07,89,191,55,98,210,90,223
2023-05-08,89,198,56,98,215,94,226
2023-05-09,89,204,59,101,218,98,226
2023-05-10,101,199,62,107,217,100,236
2023-05-11,102,200,61,104,213,99,233
2023-05-12,102,194,62,107,218,104,224
2023-05-13,103,195,60,114,220,108,227
2023-05-14,101,184,59,110,217,106,225
2023-05-15,100,184,61,117,220,106,224
2023-05-16,103,190,62,120,212,104,226
2023-05-17,103,180,62,116,201,97,223
2023-05-18,104,182,64,113,202,97,221
2023-05-19,101,193,64,119,198,96,216
2023-05-20,100,172,63,114,198,93,217
2023-05-21,100,167,64,95,198,93,217
2023-05-22,97,164,64,101,200,96,215
2023-05-23,97,167,66,105,202,95,214
2023-05-24,97,170,66,94,205,93,215
2023-05-25,100,170,63,93,203,95,215
2023-05-26,93,171,61,98,192,98,212
2023-05-27,93,176,62,106,191,97,213
2023-05-28,93,174,68,104,195,99,216
2023-05-29,93,175,67,81,193,97,217
2023-05-30,95,175,69,81,200,96,225
2023-05-31,97,179,67,83,209,106,221
2023-06-01,99,187,65,80,210,107,216
2023-06-02,98,195,68,81,210,107,207
2023-06-03,98,201,67,81,207,105,212
2023-06-04,93,198,67,72,206,104,209
2023-06-05,93,220,67,69,207,110,194
2023-06-06,95,217,67,70,211,111,196
2023-06-07,93,212,68,71,206,108,193
2023-06-08,91,211,71,73,207,111,193
2023-06-09,89,216,72,77,208,109,193
2023-06-10,90,204,70,70,208,109,195
2023-06-11,89,204,71,67,213,110,194
2023-06-12,88,203,73,68,214,111,205
2023-06-13,89,212,74,69,226,113,203
2023-06-14,88,204,74,69,191,111,214
2023-06-15,90,204,79,68,189,109,210
2023-06-16,87,203,59,66,178,113,210
2023-06-17,88,213,59,67,177,109,214
2023-06-18,87,209,59,68,178,109,211
2023-06-19,89,219,59,76,190,109,214
2023-06-20,93,220,58,89,195,113,210
2023-06-21,105,217,62,87,200,113,218
2023-06-22,105,230,61,92,199,113,224
2023-06-23,87,222,63,89,201,113,203
2023-06-24,84,228,62,89,211,114,217
2023-06-25,86,226,62,82,212,111,219
2023-06-26,88,232,65,86,226,123,223
2023-06-27,96,232,65,90,238,124,227
2023-06-28,91,231,62,95,240,121,223
2023-06-29,93,228,69,93,246,117,222
2023-06-30,90,227,58,99,241,119,223
2023-07-01,92,227,58,98,237,129,226
2023-07-02,90,230,56,97,230,128,223
2023-07-03,89,233,60,100,232,127,218
2023-07-04,93,232,58,100,240,130,217
2023-07-05,90,226,57,101,233,129,216
2023-07-06,94,226,64,110,229,140,215
2023-07-07,96,224,57,88,226,137,217
2023-07-08,95,223,59,87,211,132,220
2023-07-09,95,224,57,89,213,130,217
2023-07-10,95,228,56,88,218,127,223
2023-07-11,96,230,54,94,216,132,222
2023-07-12,94,239,55,109,209,131,222
2023-07-13,94,238,58,110,202,127,223
2023-07-14,89,251,58,111,211,128,225
2023-07-15,91,252,62,118,211,130,232
2023-07-16,90,252,55,130,208,130,229
2023-07-17,92,250,53,130,195,128,233
2023-07-18,97,248,56,134,202,130,231
2023-07-19,99,244,45,134,196,124,238
2023-07-20,98,246,43,140,183,131,235
2023-07-21,96,248,48,135,190,130,234
2023-07-22,97,247,52,142,187,128,239
2023-07-23,97,248,48,143,189,120,236
2023-07-24,94,250,48,146,190,126,235
2023-07-25,99,257,46,150,188,134,238
2023-07-26,98,268,47,157,187,131,239
2023-07-27,103,271,49,154,188,130,251
2023-07-28,103,260,53,150,187,130,260
2023-07-29,104,268,55,142,190,128,258
2023-07-30,102,265,55,144,187,127,254
2023-07-31,102,273,58,156,188,134,253
2023-08-01,104,287,55,137,186,132,251
2023-08-02,102,289,47,140,186,140,247
2023-08-03,98,285,50,139,192,142,250
2023-08-04,101,289,50,138,199,142,243
2023-08-05,99,289,47,140,200,142,255
2023-08-06,102,286,42,138,199,141,253
2023-08-07,100,287,42,139,203,138,262
2023-08-08,103,305,41,142,195,138,265
2023-08-09,100,283,42,142,187,132,262
2023-08-10,102,289,42,132,186,137,262
2023-08-11,99,297,42,137,192,152,255
2023-08-12,100,293,42,143,191,148,244
2023-08-13,99,292,42,142,191,146,256
2023-08-14,104,295,44,144,192,144,257
2023-08-15,102,297,47,151,191,151,256
2023-08-16,103,296,42,150,191,147,259
2023-08-17,102,299,45,155,201,153,257
2023-08-18,99,306,46,142,199,152,251
2023-08-19,101,303,46,122,198,147,253
2023-08-20,99,303,46,121,192,152,252
2023-08-21,101,314,46,128,190,152,253
2023-08-22,106,313,52,129,195,153,254
2023-08-23,108,319,51,129,203,140,254
2023-08-24,106,317,58,127,206,143,267
2023-08-25,105,316,61,128,206,134,261
2023-08-26,103,316,48,126,203,136,264
2023-08-27,102,321,46,127,203,135,266
2023-08-28,103,324,47,126,203,143,266
2023-08-29,106,326,51,127,217,149,266
2023-08-30,108,325,42,123,210,145,247
2023-08-31,111,316,44,125,208,146,241
2023-09-01,105,322,47,123,198,149,233
2023-09-02,104,321,47,122,200,151,233
2023-09-03,104,309,47,120,196,151,237
2023-09-04,106,312,49,121,200,152,217
2023-09-05,118,310,48,126,211,159,220
2023-09-06,114,315,49,127,201,132,218
2023-09-07,116,318,49,129,212,134,226
2023-09-08,115,319,47,128,213,133,206
2023-09-09,111,314,48,126,217,132,207
2023-09-10,112,314,48,125,212,133,205
2023-09-11,111,317,49,124,212,132,205
2023-09-12,114,311,49,122,214,131,214
2023-09-13,111,306,50,122,212,141,212
2023-09-14,113,294,48,125,209,135,214
2023-09-15,114,297,48,111,213,140,209
2023-09-16,111,292,48,113,214,136,210
2023-09-17,111,291,48,113,213,136,193
2023-09-18,110,295,48,116,210,142,200
2023-09-19,110,294,50,114,227,139,197
2023-09-20,117,298,48,117,226,143,197
2023-09-21,124,308,48,126,238,142,199
2023-09-22,128,311,48,124,249,139,190
2023-09-23,110,310,48,124,244,138,190
2023-09-24,107,313,48,122,233,139,190
2023-09-25,109,319,50,124,232,145,210
2023-09-26,111,316,52,124,247,137,210
2023-09-27,116,319,57,115,238,166,204
2023-09-28,101,321,53,99,245,170,202
2023-09-29,101,325,52,99,226,168,205
2023-09-30,99,331,53,103,226,169,214
2023-10-01,99,318,50,97,231,156,206
2023-10-02,98,319,50,82,230,142,205
2023-10-03,98,318,50,82,228,141,203
2023-10-04,102,331,50,83,234,126,207
2023-10-05,101,335,52,84,268,128,210
2023-10-06,97,348,50,88,268,134,208
2023-10-07,97,347,52,88,272,135,206
2023-10-08,97,345,52,84,262,132,205
2023-10-09,97,350,52,85,266,135,206
2023-10-10,95,355,48,90,244,135,211
2023-10-11,103,347,48,98,253,144,211
2023-10-12,100,346,57,92,208,140,206
2023-10-13,99,339,47,88,207,144,208
2023-10-14,99,340,48,88,201,136,210
2023-10-15,98,344,46,86,200,122,207
2023-10-16,108,346,50,90,197,124,208
2023-10-17,110,352,46,91,200,133,212
2023-10-18,106,361,39,87,190,128,217
2023-10-19,106,348,39,78,187,131,212
2023-10-20,90,349,40,77,188,141,197
2023-10-21,89,343,36,76,187,142,200
2023-10-22,89,340,41,76,188,150,201
2023-10-23,88,348,37,78,190,143,200
2023-10-24,92,353,25,78,194,141,198
2023-10-25,88,348,25,81,186,141,197
2023-10-26,88,352,25,82,188,141,199
2023-10-27,83,334,24,83,186,143,193
2023-10-28,84,320,24,82,189,120,210
2023-10-29,83,314,24,79,187,118,202
2023-10-30,83,309,24,80,190,118,209
2023-10-31,86,314,26,82,194,121,208
2023-11-01,90,322,30,80,176,117,210
2023-11-02,87,320,33,80,176,127,210
2023-11-03,84,321,32,82,169,125,215
2023-11-04,86,323,32,82,164,124,220
2023-11-05,87,322,32,82,174,123,219
2023-11-06,88,326,31,82,172,122,223
2023-11-07,91,325,33,83,177,126,229
2023-11-08,90,330,26,85,178,123,231
2023-11-09,91,334,28,87,179,123,233
2023-11-10,89,328,28,87,179,126,232
2023-11-11,89,328,28,84,180,121,244
2023-11-12,91,328,27,83,177,119,243
2023-11-13,89,330,25,87,181,121,241
2023-11-14,102,335,25,88,189,120,240
2023-11-15,100,336,29,88,184,127,236
2023-11-16,102,346,34,92,190,106,239
2023-11-17,100,341,28,86,196,109,239
2023-11-18,101,341,30,88,202,110,243
2023-11-19,100,343,28,87,196,108,239
2023-11-20,105,351,30,90,197,109,244
2023-11-21,105,349,29,97,199,109,241
2023-11-22,108,346,33,97,206,110,222
2023-11-23,105,353,32,95,204,107,224
2023-11-24,102,355,33,93,195,105,222
2023-11-25,102,350,32,103,194,102,223
2023-11-26,101,337,33,104,193,102,220
2023-11-27,101,349,32,101,195,101,224
2023-11-28,101,346,38,96,209,103,227
2023-11-29,99,367,41,106,200,104,223
2023-11-30,100,383,39,110,203,106,232
2023-12-01,97,361,41,119,207,105,228
2023-12-02,88,349,44,119,214,104,229
2023-12-03,87,349,38,118,213,105,225
2023-12-04,90,347,38,126,216,104,228
2023-12-05,97,346,28,123,208,106,225
2023-12-06,90,347,26,131,204,104,229
2023-12-07,94,348,25,131,207,116,231
2023-12-08,95,362,20,132,190,91,224
2023-12-09,97,363,23,134,201,99,221
2023-12-10,96,362,23,131,197,96,221
2023-12-11,106,359,25,133,201,100,224
2023-12-12,114,364,29,131,198,109,223
2023-12-13,108,361,28,132,194,108,222
2023-12-14,111,359,30,137,199,106,227
2023-12-15,114,350,28,142,203,118,232
2023-12-16,112,352,29,141,199,119,237
2023-12-17,114,349,27,138,196,117,233
2023-12-18,110,354,29,133,195,116,227
2023-12-19,113,353,29,133,196,118,238
2023-12-20,99,341,31,137,197,92,234
2023-12-21,94,348,32,137,199,96,232
2023-12-22,102,350,32,145,210,93,234
2023-12-23,101,357,31,140,212,98,232
2023-12-24,102,353,32,141,209,98,229
2023-12-25,100,349,30,139,209,96,230
2023-12-26,102,347,36,139,204,95,235
2023-12-27,104,351,37,145,211,90,218
2023-12-28,105,363,40,140,206,89,221
2023-12-29,101,362,42,144,201,92,222
2023-12-30,110,367,44,139,215,90,222
2023-12-31,109,380,45,142,214,92,223
2024-01-01,106,351,49,137,213,90,218
2024-01-02,104,351,49,140,204,90,215
2024-01-03,106,363,53,139,221,93,220
2024-01-04,104,374,52,139,198,96,200
2024-01-05,109,376,46,144,203,110,196
2024-01-06,107,377,45,147,211,109,197
2024-01-07,105,374,45,141,194,105,193
2024-01-08,104,380,45,142,197,106,198
2024-01-09,113,383,61,144,199,112,199
2024-01-10,108,385,63,121,202,112,194
2024-01-11,111,369,56,123,223,114,197
2024-01-12,116,377,70,123,209,119,193
2024-01-13,109,375,62,121,205,127,197
2024-01-14,109,377,64,122,206,124,193
2024-01-15,106,381,68,119,207,123,192
2024-01-16,115,379,71,120,191,134,193
2024-01-17,111,372,80,124,189,138,198
2024-01-18,112,372,68,120,180,140,202
2024-01-19,115,372,62,122,184,151,211
2024-01-20,113,373,54,104,180,144,209
2024-01-21,112,378,54,104,178,147,207
2024-01-22,115,386,51,105,181,160,209
2024-01-23,115,403,52,105,183,154,210
2024-01-24,114,417,56,106,183,131,217
2024-01-25,114,416,47,106,170,130,223
2024-01-26,111,426,53,107,171,139,224
2024-01-27,106,435,55,107,171,143,220
2024-01-28,106,427,51,107,169,143,216
2024-01-29,111,429,55,108,168,142,213
2024-01-30,127,423,60,108,166,143,216
2024-01-31,131,439,63,108,158,149,207
2024-02-01,127,435,64,94,151,155,204
2024-02-02,124,407,78,103,156,160,220
2024-02-03,108,413,71,101,159,163,219
2024-02-04,107,403,72,101,159,161,216
2024-02-05,104,417,60,102,158,161,221
2024-02-06,112,420,61,99,172,167,223
2024-02-07,110,398,57,98,166,177,226
2024-02-08,106,415,85,101,171,178,229
2024-02-09,104,407,86,107,171,152,232
2024-02-10,105,398,82,107,173,152,232
2024-02-11,103,399,82,107,170,149,227
2024-02-12,102,396,85,107,169,151,230
2024-02-13,102,407,79,114,165,150,245
2024-02-14,116,412,67,98,166,152,219
2024-02-15,120,403,53,98,162,151,233
2024-02-16,116,407,58,117,163,157,219
2024-02-17,109,405,57,121,166,158,221
2024-02-18,111,405,57,120,166,154,217
2024-02-19,106,408,63,120,166,166,221
2024-02-20,110,402,66,121,173,186,220
2024-02-21,108,407,53,133,169,184,210
2024-02-22,112,414,55,136,168,188,215
2024-02-23,121,421,58,144,167,178,231
2024-02-24,116,420,53,143,163,180,235
2024-02-25,115,414,52,142,143,174,233
2024-02-26,120,420,53,140,145,179,237
2024-02-27,114,415,59,145,148,184,233
2024-02-28,114,426,55,143,130,181,232
2024-02-29,115,442,62,146,131,188,233
2024-03-01,116,428,47,136,130,202,236
2024-03-02,111,419,49,112,131,203,234
2024-03-03,110,417,45,112,137,197,230
2024-03-04,114,434,47,109,137,203,230
2024-03-05,123,436,45,113,140,207,227
2024-03-06,116,435,46,118,142,204,225
2024-03-07,116,441,55,121,143,202,227
2024-03-08,120,422,58,121,144,205,229
2024-03-09,111,425,54,121,145,202,234
2024-03-10,111,424,58,122,147,199,231
2024-03-11,111,430,35,121,158,197,232
2024-03-12,127,434,35,120,170,204,233
2024-03-13,123,435,36,126,175,204,230
2024-03-14,120,428,37,128,161,209,232
2024-03-15,124,438,38,129,164,202,233
2024-03-16,118,432,22,127,150,196,233
2024-03-17,118,422,22,127,153,195,229
2024-03-18,122,442,22,127,151,194,234
2024-03-19,124,406,22,125,167,205,229
2024-03-20,104,409,25,124,164,191,222
2024-03-21,79,408,22,111,165,192,221
2024-03-22,84,413,23,111,169,194,220
2024-03-23,90,427,23,112,165,181,220
2024-03-24,90,427,23,112,161,152,215
2024-03-25,92,431,25,113,162,161,221
2024-03-26,69,426,27,119,171,170,215
2024-03-27,69,424,26,119,160,163,221
2024-03-28,70,432,26,116,158,150,225
2024-03-29,68,434,24,99,163,136,221
2024-03-30,67,415,24,100,162,142,223
2024-03-31,67,427,23,101,162,138,220
2024-04-01,69,418,27,101,147,133,228
2024-04-02,72,429,35,102,167,130,226
2024-04-03,72,428,42,101,168,130,218
2024-04-04,70,431,44,104,172,128,218
2024-04-05,72,433,46,105,173,132,218
2024-04-06,68,421,42,100,169,130,220
2024-04-07,71,417,38,113,166,129,217
2024-04-08,72,423,43,112,171,132,218
2024-04-09,67,408,44,113,174,132,223
2024-04-10,67,406,31,118,169,125,221
2024-04-11,68,411,32,119,172,125,224
2024-04-12,82,412,32,120,170,124,220
2024-04-13,75,411,30,119,169,121,223
2024-04-14,77,411,29,117,170,121,217
2024-04-15,72,413,28,120,167,126,218
2024-04-16,82,412,32,117,174,130,220
2024-04-17,78,416,32,121,149,127,223
2024-04-18,74,418,36,123,170,127,229
2024-04-19,74,426,34,124,172,131,226
2024-04-20,76,427,36,124,172,128,230
2024-04-21,75,428,25,128,168,128,226
2024-04-22,74,434,26,99,172,128,229
2024-04-23,79,439,28,97,171,127,229
2024-04-24,80,444,30,97,171,125,227
2024-04-25,82,453,28,102,173,125,222
2024-04-26,86,453,30,105,180,124,220
2024-04-27,82,443,28,101,180,128,223
2024-04-28,85,435,28,103,179,126,219
2024-04-29,88,426,27,106,178,124,221
2024-04-30,92,423,36,107,183,129,221
2024-05-01,92,413,36,104,177,124,218
2024-05-02,92,411,39,104,174,124,219
2024-05-03,92,421,38,108,177,124,224
2024-05-04,89,410,31,106,180,122,225
2024-05-05,102,407,30,102,175,121,222
2024-05-06,103,405,31,106,176,121,220
2024-05-07,104,404,31,106,185,118,218
2024-05-08,111,393,32,114,191,120,218
2024-05-09,118,391,29,123,189,125,218
2024-05-10,122,394,29,125,192,128,222
2024-05-11,117,395,29,121,188,127,222
2024-05-12,118,394,29,116,189,125,219
2024-05-13,115,398,31,123,188,126,228
2024-05-14,120,399,31,121,194,128,232
2024-05-15,106,396,30,123,189,127,229
2024-05-16,111,401,30,124,189,127,226
2024-05-17,115,423,31,122,187,125,222
2024-05-18,112,412,31,121,185,125,223
2024-05-19,111,406,31,122,186,126,214
2024-05-20,119,407,34,118,170,126,228
2024-05-21,107,404,34,120,169,128,234
2024-05-22,106,403,34,115,170,141,212
2024-05-23,105,400,30,113,168,147,216
2024-05-24,110,393,30,113,169,129,220
2024-05-25,108,391,29,111,168,128,222
2024-05-26,108,383,29,112,168,133,220
2024-05-27,106,387,29,109,166,135,225
2024-05-28,112,399,29,116,169,144,225
2024-05-29,111,390,29,116,173,142,228
2024-05-30,109,393,29,120,173,151,229
2024-05-31,114,418,30,120,174,154,232
2024-06-01,111,393,29,119,170,148,232
2024-06-02,110,397,20,119,170,146,224
2024-06-03,109,397,21,128,178,148,225
2024-06-04,117,402,21,130,181,149,220
2024-06-05,118,401,20,133,177,145,221
2024-06-06,115,399,20,128,176,145,221
2024-06-07,121,395,20,127,175,141,217
2024-06-08,118,387,20,125,177,145,218
2024-06-09,121,387,20,129,175,142,216
2024-06-10,122,385,24,137,173,148,214
2024-06-11,126,388,24,133,173,156,215
2024-06-12,124,391,23,119,165,151,217
2024-06-13,131,388,21,120,165,164,219
2024-06-14,131,389,20,126,172,168,218
2024-06-15,139,392,19,128,172,167,220
2024-06-16,139,394,20,128,173,167,218
2024-06-17,137,393,29,123,175,174,217
2024-06-18,124,397,27,124,180,170,223
2024-06-19,127,390,27,125,193,169,222
2024-06-20,127,390,38,125,192,173,230
2024-06-21,126,390,40,127,192,170,234
2024-06-22,122,387,41,124,165,166,233
2024-06-23,121,374,40,125,166,165,232
2024-06-24,121,378,41,129,172,167,231
2024-06-25,126,385,41,127,166,169,231
2024-06-26,129,399,45,128,162,166,229
2024-06-27,130,402,43,131,161,153,231
2024-06-28,127,402,28,132,153,156,215
2024-06-29,136,406,30,131,151,151,214
2024-06-30,131,402,26,130,157,156,212
2024-07-01,135,411,26,136,157,146,230
2024-07-02,123,424,22,141,158,150,224
2024-07-03,122,419,24,145,165,144,230
2024-07-04,126,430,23,147,173,147,237
2024-07-05,131,426,23,150,181,148,243
2024-07-06,125,416,23,148,177,146,229
2024-07-07,122,378,21,148,175,145,224
2024-07-08,129,366,23,152,183,145,224
2024-07-09,133,365,23,148,198,144,224
2024-07-10,129,365,24,147,192,146,223
2024-07-11,121,369,23,147,204,145,226
2024-07-12,127,376,23,151,207,145,223
2024-07-13,124,378,23,146,201,143,222
2024-07-14,124,378,23,151,196,142,222
2024-07-15,128,392,23,153,197,144,223
2024-07-16,126,398,27,155,199,152,216
2024-07-17,124,383,26,144,192,133,218
2024-07-18,124,384,27,142,184,128,218
2024-07-19,122,387,26,138,183,134,214
2024-07-20,120,382,26,139,191,136,216
2024-07-21,119,382,25,138,183,131,212
2024-07-22,125,382,25,147,165,133,213
2024-07-23,126,392,35,153,140,133,210
2024-07-24,124,394,40,143,146,136,217
2024-07-25,126,386,40,146,145,136,222
2024-07-26,125,381,42,147,144,143,221
2024-07-27,123,368,36,146,133,136,221
2024-07-28,122,365,37,145,134,136,218
2024-07-29,123,369,36,142,134,140,218
2024-07-30,136,346,36,156,134,143,219
2024-07-31,134,358,36,162,136,146,232
2024-08-01,137,350,35,139,139,141,236
2024-08-02,137,360,35,141,139,147,212
2024-08-03,133,358,35,139,141,149,214
2024-08-04,136,353,33,125,138,129,210
2024-08-05,133,358,35,122,138,141,209
2024-08-06,131,361,33,125,144,146,212
2024-08-07,133,359,33,117,151,152,212
2024-08-08,129,362,38,115,152,146,207
2024-08-09,132,370,40,114,152,149,208
2024-08-10,128,374,39,121,153,144,208
2024-08-11,128,372,37,121,151,143,205
2024-08-12,130,368,39,121,155,151,204
2024-08-13,134,358,35,122,140,151,208
2024-08-14,142,368,35,120,133,163,210
2024-08-15,136,361,37,120,133,163,209
2024-08-16,135,371,34,119,137,162,209
2024-08-17,136,371,21,123,137,162,211
2024-08-18,136,374,20,123,136,162,206
2024-08-19,146,374,19,123,141,161,216
2024-08-20,146,385,19,125,144,165,204
2024-08-21,151,388,24,122,145,182,210
2024-08-22,149,384,22,121,141,178,210
2024-08-23,150,392,24,125,139,186,215
2024-08-24,144,385,23,127,137,174,215
2024-08-25,147,386,23,121,137,166,211
2024-08-26,145,387,23,125,139,163,216
2024-08-27,147,383,26,135,139,168,217
2024-08-28,141,387,26,137,142,159,220
2024-08-29,140,389,26,136,146,158,217
2024-08-30,137,384,24,132,148,159,215
2024-08-31,135,394,24,134,146,160,222
2024-09-01,132,383,24,132,142,154,211
2024-09-02,130,383,24,139,146,161,209
2024-09-03,133,384,24,135,147,177,222
2024-09-04,135,394,26,134,151,181,226
2024-09-05,132,392,25,126,149,178,219
2024-09-06,139,394,26,125,151,178,216
2024-09-07,136,388,24,124,153,181,219
2024-09-08,136,386,24,124,153,177,215
2024-09-09,139,363,25,140,155,182,229
2024-09-10,145,352,24,148,156,184,234
2024-09-11,151,354,24,156,150,190,234
2024-09-12,152,353,26,170,154,169,237
2024-09-13,160,350,26,162,153,169,235
2024-09-14,154,353,29,163,153,170,226
2024-09-15,153,352,27,162,152,164,217
2024-09-16,156,345,26,162,152,164,217
2024-09-17,166,342,25,160,154,158,216
2024-09-18,155,339,27,149,152,159,215
2024-09-19,160,351,26,153,149,161,215
2024-09-20,164,348,27,157,153,175,219
2024-09-21,163,344,34,162,160,176,221
2024-09-22,160,346,30,161,160,178,218
2024-09-23,160,358,29,168,161,180,228
2024-09-24,162,351,31,167,166,186,207
2024-09-25,162,351,32,170,167,175,211
2024-09-26,170,359,33,170,171,162,205
2024-09-27,172,353,34,163,158,161,205
2024-09-28,169,351,38,163,163,159,209
2024-09-29,172,352,34,164,162,155,204
2024-09-30,173,375,36,166,164,164,206
2024-10-01,156,368,34,167,158,152,205
2024-10-02,156,369,39,167,159,156,206
2024-10-03,153,364,35,164,159,151,206
2024-10-04,156,377,37,163,156,144,207
2024-10-05,155,366,35,162,160,144,208
2024-10-06,153,364,37,157,156,143,204
2024-10-07,159,369,37,156,162,146,206
2024-10-08,133,373,28,156,163,147,206
2024-10-09,135,350,28,156,157,143,208
2024-10-10,136,341,27,158,156,153,207
2024-10-11,145,342,28,152,163,147,209
2024-10-12,147,343,27,151,160,150,207
2024-10-13,145,339,29,151,164,150,207
2024-10-14,133,350,26,157,176,156,207
2024-10-15,131,349,27,163,164,179,207
2024-10-16,134,355,27,163,161,176,208
2024-10-17,133,358,29,168,170,174,216
2024-10-18,137,357,27,167,178,177,218
2024-10-19,128,356,26,170,161,159,211
2024-10-20,124,354,28,171,156,154,206
2024-10-21,127,357,27,173,162,158,207
2024-10-22,129,357,27,180,153,159,210
2024-10-23,129,354,28,174,135,156,212
2024-10-24,133,318,25,162,131,154,213
2024-10-25,137,326,27,155,134,149,213
2024-10-26,135,329,27,155,132,159,197
2024-10-27,135,330,26,155,131,160,192
2024-10-28,133,333,25,155,130,164,201
2024-10-29,130,326,26,155,130,157,194
2024-10-30,129,330,25,157,131,158,197
2024-10-31,131,336,26,161,135,157,199
2024-11-01,135,327,26,163,134,154,197
2024-11-02,130,328,26,163,133,151,198
2024-11-03,131,316,26,163,130,151,196
2024-11-04,127,321,26,165,133,153,203
2024-11-05,129,318,29,170,131,156,206
2024-11-06,130,325,27,175,133,150,206
2024-11-07,132,324,25,173,137,149,211
2024-11-08,138,326,27,175,143,155,209
2024-11-09,125,325,27,172,136,152,215
2024-11-10,107,324,26,173,134,152,204
2024-11-11,115,336,25,173,135,153,210
2024-11-12,116,339,26,177,136,158,206
2024-11-13,123,344,25,167,132,166,208
2024-11-14,122,341,19,169,132,175,207
2024-11-15,121,345,11,170,125,185,203
2024-11-16,111,348,11,167,129,176,205
2024-11-17,109,345,11,168,127,173,202
2024-11-18,110,349,11,167,125,186,213
2024-11-19,110,365,11,170,125,202,219
2024-11-20,109,367,11,169,128,201,218
2024-11-21,114,366,11,169,127,196,211
2024-11-22,126,365,11,173,128,202,211
2024-11-23,122,362,11,183,128,188,213
2024-11-24,119,363,11,184,134,186,211
2024-11-25,120,359,11,187,134,186,214
2024-11-26,120,353,11,187,133,202,209
2024-11-27,122,358,11,187,136,189,214
2024-11-28,126,367,11,195,137,187,215
2024-11-29,127,369,14,194,142,190,214
2024-11-30,126,381,14,194,142,185,223
2024-12-01,126,362,15,189,139,182,213
2024-12-02,123,359,14,196,142,181,211
2024-12-03,129,366,15,200,136,187,213
2024-12-04,131,367,17,211,139,185,211
2024-12-05,121,366,16,212,133,162,216
2024-12-06,117,370,17,208,141,161,219
2024-12-07,118,367,17,201,138,158,217
2024-12-08,122,364,17,206,134,155,215
2024-12-09,120,359,18,209,138,156,218
2024-12-10,121,363,18,207,150,168,219
2024-12-11,119,365,17,199,155,168,217
2024-12-12,119,362,16,201,152,164,217
2024-12-13,125,359,16,199,154,168,228
2024-12-14,126,353,16,204,154,169,218
2024-12-15,109,362,16,203,149,168,215
2024-12-16,110,368,16,211,152,164,217
2024-12-17,110,378,16,212,159,172,226
2024-12-18,108,369,16,215,159,167,225
2024-12-19,125,375,21,213,166,148,217
2024-12-20,125,379,18,209,170,151,213
2024-12-21,130,377,17,207,164,147,219
2024-12-22,132,370,17,209,166,146,210
2024-12-23,134,370,18,211,165,152,217
2024-12-24,135,374,17,217,172,149,223
2024-12-25,134,375,18,212,151,149,218
2024-12-26,133,384,17,221,149,152,220
2024-12-27,137,396,19,227,154,152,226
2024-12-28,137,394,17,227,151,146,226
2024-12-29,138,395,18,215,152,150,225
2024-12-30,137,401,18,213,150,154,235
2024-12-31,140,398,15,209,152,151,234
